{"cameraMode":{"drawMode":0,"name":"Shaded","section":"Shading Mode"},"sceneLighting":true,"audioPlay":false,"sceneViewState":{"m_AlwaysRefresh":false,"showFog":true,"showSkybox":true,"showFlares":true,"showImageEffects":true,"showParticleSystems":true,"showVisualEffectGraphs":true,"m_FxEnabled":true},"in2DMode":false,"pivot":{"x":4.576006889343262,"y":1.2539348602294922,"z":13.90878963470459},"rotation":{"x":0.49645501375198367,"y":0.11265920847654343,"z":-0.06514187902212143,"w":0.8582962155342102},"size":19.942461013793947,"orthographic":true}