{"cameraMode":{"drawMode":0,"name":"Shaded","section":"Shading Mode"},"sceneLighting":true,"audioPlay":false,"sceneViewState":{"m_AlwaysRefresh":false,"showFog":true,"showSkybox":true,"showFlares":true,"showImageEffects":true,"showParticleSystems":true,"showVisualEffectGraphs":true,"m_FxEnabled":true},"in2DMode":false,"pivot":{"x":-0.0007190704345703125,"y":1.4674205780029297,"z":-0.0219268798828125},"rotation":{"x":0.3235226273536682,"y":0.017436042428016664,"z":-0.005455282516777515,"w":0.9463533163070679},"size":1.264730453491211,"orthographic":true}