{"cameraMode":{"drawMode":0,"name":"Shaded","section":"Shading Mode"},"sceneLighting":true,"audioPlay":false,"sceneViewState":{"m_AlwaysRefresh":false,"showFog":true,"showSkybox":true,"showFlares":true,"showImageEffects":true,"showParticleSystems":true,"showVisualEffectGraphs":true,"m_FxEnabled":true},"in2DMode":false,"pivot":{"x":38.351593017578128,"y":5.025036334991455,"z":-14.860042572021485},"rotation":{"x":0.04258750006556511,"y":0.7815566658973694,"z":-0.6209588050842285,"w":0.053204286843538287},"size":35.805824279785159,"orthographic":true}